{
	"targets": [
	 {
	  "id": "minecraft:dripstone_caves",
	  "required": false
	 },
	 {
	  "id": "minecraft:lush_caves",
	  "required": false
	 },
	 {
	  "id": "clifftree:caves",
	  "required": false
	 },
	 {
	  "id": "clifftree:cold_caves",
	  "required": false
	 },
	 {
	  "id": "clifftree:dirt_caves",
	  "required": false
	 },
	 {
	  "id": "clifftree:frozen_caves",
	  "required": false
	 },
	 {
	  "id": "clifftree:inferno",
	  "required": false
	 },
	 {
	  "id": "clifftree:lukewarm_caves",
	  "required": false
	 },
	 {
	  "id": "clifftree:warm_caves",
	  "required": false
	 },
	 {
	  "id": "alexscaves:magnetic_caves",
	  "required": false
	 }
	],
	"fog_end": 0.5,
	"fog_start": 10
}