{
	"targets": ["minecraft:bamboo_jungle", "minecraft:dark_forest", "minecraft:jungle", "minecraft:old_growth_birch_forest", "minecraft:old_growth_pine_taiga", "minecraft:old_growth_spruce_taiga",
	 {
	  "id": "clifftree:snowy_old_growth_taiga",
	  "required": false
	 },
	 {
	  "id": "clifftree:tropical_river",
	  "required": false
	 },
	 {
	  "id": "natures_spirit:amber_covert",
	  "required": false
	 },
	 {
	  "id": "natures_spirit:aspen_forest",
	  "required": false
	 },
	 {
	  "id": "natures_spirit:bamboo_wetlands",
	  "required": false
	 },
	 {
	  "id": "natures_spirit:blooming_sugi_forest",
	  "required": false
	 },
	 {
	  "id": "natures_spirit:maple_woodlands",
	  "required": false
	 },
	 {
	  "id": "natures_spirit:redwood_forest",
	  "required": false
	 },
	 {
	  "id": "natures_spirit:snowy_redwood_forest",
	  "required": false
	 },
	 {
	  "id": "natures_spirit:tropical_woods",
	  "required": false
	 }
	],
	"fog_end": "0.65 - max(0, min(0.25, (DAY_TIME%24000 > 23000) + (DAY_TIME%24000 < 1000) + (RAIN * 0.25) - max(0, 11 - SKY_LIGHT)))",
	"fog_start": "10.5 + max(-0.75, min(0.5, (DAY_TIME%24000 > 23000) + (DAY_TIME%24000 < 1000) + (RAIN * 0.25)- max(0, 11 - SKY_LIGHT)*100))"
}