{
	"credit": "Made with Blockbench",
	"texture_size": [32, 32],
	"textures": {
		"0": "create:block/pipes",
		"particle": "create:block/pipes"
	},
	"elements": [
		{
			"name": "rim_west",
			"from": [0, 4, 4],
			"to": [4, 12, 12],
			"rotation": {"angle": 0, "axis": "y", "origin": [-2, 0, 0]},
			"faces": {
				"north": {"uv": [0, 6, 4, 8], "rotation": 90, "texture": "#0"},
				"south": {"uv": [0, 6, 4, 8], "rotation": 90, "texture": "#0"},
				"up": {"uv": [4, 6, 0, 8], "rotation": 90, "texture": "#0"},
				"down": {"uv": [4, 6, 0, 8], "rotation": 270, "texture": "#0"}
			}
		}
	]
}